stop_id;stop_code;stop_name;stop_lat;stop_lon;zone_id;alias;stop_area;stop_desc;lest_x;lest_y;zone_name;authority
122420;7820139-1;Lõunakeskus;58.35881504;26.67327622;122420;;Tartu linn;;6471816.65;656444.34;TartuLinn;Tartu LV
161498;7820392-1;Varsa;58.34987601;26.76803853;161498;;Tartu linn;"Kasteheina suunas";6471046.82;662027.96;;Tartu LV
125530;7820139-2;Lõunakeskus;58.35889909;26.67292438;125530;;Tartu linn;"Lõpp-peatus";6471825.19;656423.39;TartuLinn;Tartu LV
123046;7820208-1;Raudteejaam;58.37397452;26.70682144;123046;;Tartu linn;"Tähtvere suunas";6473582.44;658338.28;TartuLinn;Tartu LV
26673;7820163-1;Nooruse;58.36643193;26.69527154;26673;;Tartu linn;;6472715.83;657696.77;TartuLinn;Tartu LV
161497;7820391-1;Lehe;58.38671045;26.75840044;161497;;Tartu linn;"linna sisenev";6475122.66;661295.45;;Tartu LV
24876;7820088-1;Kesklinn II;58.37724016;26.72790185;24876;;Tartu linn;"Kvartali ees";6473995.82;659555.94;TartuLinn;Tartu LV
161496;7820390-1;Lehe;58.38667493;26.75855209;161496;;Tartu linn;"linnast väljuv";6475119.07;661304.47;;Tartu LV
161499;7820393-1;Varsa;58.35080925;26.76758607;161499;;Tartu linn;"linna sisenev";6471149.58;661997.20;;Tartu LV
26227;7820140-1;Maarjamõisa;58.36960163;26.7017286;26227;;Tartu linn;"Kesklinna suunas";6473083.78;658060.14;Tartu;Tartu LV
26126;7820295-1;Vaksali;58.37684819;26.70266721;26126;;Tartu linn;"Näituse tn. suunas";6473892.45;658082.52;TartuLinn;Tartu LV
123017;7820184-1;Visa hall;58.37854671;26.68370536;123017;;Tartu linn;"Ilmatsalu tn. suunas";6474036.94;656966.44;TartuLinn;Tartu LV
26855;7820013-1;Annelinna gümnaasium;58.37551082;26.76968164;26855;;Tartu linn;"Kalda tee suunas";6473903.51;662006.22;TartuLinn;Tartu LV
161500;"";Ropka tööstuspark I;58.35254238;26.74462691;161500;;Tartu linn;"linnast väljuv";6471287.23;660646.17;;Tartu LV
161501;"";Ropka tööstuspark I;58.352068;26.74481475;161501;;Tartu linn;"linna sisenev";6471234.89;660659.32;;Tartu LV
161502;"";Ropka tööstuspark II;58.34852728;26.74484888;161502;;Tartu linn;"linna sisenev";6470840.94;660677.45;;Tartu LV
161503;"";Ropka tööstuspark II;58.34753697;26.74469592;161503;;Tartu linn;"linnast väljuv";6470730.37;660673.01;;Tartu LV
147922;7820371-1;AHHAA;58.37697129;26.7335596;147922;;Tartu linn;;6473979.37;659887.90;;Tartu LV
26395;7820217-1;Riia ring;58.3585654;26.6841488;26395;;Tartu linn;"linnast väljuv";6471814.28;657081.39;TartuLinn;Tartu LV
25601;7820276-1;Teaduspark;58.35502104;26.67914047;25601;;Tartu linn;"linnast väljuv";6471408.11;656804.21;TartuLinn;Tartu LV
25352;7820073-1;Karete;58.35002284;26.72320515;25352;;Tartu linn;"Alasi tn. suunas";6470955.74;659404.41;TartuLinn;Tartu LV
26851;7820009-1;Alasi;58.34797032;26.71703945;26851;;Tartu linn;"Võru tn. suunas";6470712.69;659052.95;TartuLinn;Tartu LV
128044;7820316-1;Postimaja;58.34537778;26.71461775;128044;;Tartu linn;"linnast väljuv";6470418.43;658922.95;;Tartu LV
130363;7820249-3;Soola II;58.37683585;26.73070579;130363;;Tartu linn;"Sõpruse silla suunas";6473957.50;659721.68;;Tartu LV
155419;7820379-1;Kvartsi;58.35122093;26.6886289;155419;;Tartu linn;"linnast väljuv";6471007.43;657376.22;;Tartu LV
123019;7820272-1;Tartu Maja III;58.38203996;26.68567925;123019;;Tartu linn;"Ravila tn. suunas";6474430.32;657066.25;TartuLinn;Tartu LV
145459;7820365-1;Teguri;58.36182591;26.72125188;145459;;Tartu linn;"kesklinna suunas";6472264.62;659236.82;;Tartu LV
144471;7820350-1;Kroonuaia;58.38592912;26.71952576;144471;;Tartu linn;"linna sisenev";6474942.89;659027.06;;Tartu LV
25030;7820116-1;Kvissentali;58.40651781;26.69657824;25030;;Tartu linn;;6477180.00;657593.75;TartuLinn;Tartu LV
135330;7820332-1;Lammi ring;58.36424183;26.76918899;135330;;Tartu linn;"Annelinna suunas";6472648.27;662029.23;;Tartu LV
26074;7820046-1;Hurda;58.38373656;26.70858394;26074;;Tartu linn;"Kesklinna suunas";6474673.00;658397.43;TartuLinn;Tartu LV
20027;7800747-1;Ranna;58.35887908;26.64014835;20027;;Tartu linn;"Tartu suunas";6471747.00;654506.37;;Tartu LV
20031;7800664-1;Peedimäe;58.354985;26.570594;20031;;Tartu linn;"Viljandi suunas";6471155.50;650454.56;;Tartu LV
20039;7801132-1;Vorbuse;58.42050704;26.65672237;20039;;Tartu linn;"Tallinna maantee suunas";6478643.93;655204.02;;Tartu LV
20276;7800891-1;Soomeküla;58.4445904;26.62049355;20276;;Tartu linn;"Kardla tee peatuse suunas";6481241.00;652983.87;;Tartu LV
20308;7800985-1;Tõnise;58.43422464;26.63214666;20308;;Tartu linn;"Vorbuse suunas";6480114.00;653709.12;;Tartu LV
20424;7800922-1;Tamme;58.43225419;26.5556744;20424;;Tartu linn;"Kardla tee peatuse suunas";6479722.00;649253.93;;Tartu LV
26073;7820045-1;Jannseni;58.38194292;26.69398198;26073;;Tartu linn;"Tuglase tn. suunas";6474439.00;657552.00;TartuLinn;Tartu LV
128656;7820313-1;Metsamaja;58.39175627;26.69223022;128656;;Tartu linn;"linna sisenev";6475527.00;657405.75;;Tartu LV
91878;7801131-1;Vorbuse;58.42012016;26.65656115;91878;;Tartu linn;"Külasüda peatuse suunas";6478600.50;655196.31;;Tartu LV
28722;7820233-1;Salvest;58.39885629;26.70895707;28722;;Tartu linn;"linnast väljuv";6476356.51;658351.25;TartuLinn;Tartu LV
26069;7820039-1;Kesklinn I;58.37677413;26.72686258;26069;;Tartu linn;"Hansakeskuse ees";6473941.48;659497.29;TartuLinn;Tartu LV
155432;7820380-1;Tüve (kesklinna suunas);58.38428656;26.75622274;155432;;Tartu linn;"Kesklinna suunas";6474847.68;661179.27;;Tartu LV
24708;7820019-1;Arhitekti;58.36818677;26.6832783;24708;;Tartu linn;"linna sisenev";6472883.00;656987.62;TartuLinn;Tartu LV
24710;7820022-1;Autokeskus;58.35536632;26.71967153;24710;;Tartu linn;"FI suunas";6471542.00;659173.56;TartuLinn;Tartu LV
24711;7820023-1;Autokeskus;58.35511959;26.71700508;24711;;Tartu linn;"Ropkamõisa suunas";6471508.22;659018.70;TartuLinn;Tartu LV
24712;7820024-1;Betooni;58.38360817;26.69132453;24712;;Tartu linn;"Hiie tn. suunas";6474618.08;657389.22;TartuLinn;Tartu LV
24713;7820025-1;Betooni;58.38357822;26.69159083;24713;;Tartu linn;"Tuglase tn. suunas";6474615.37;657404.92;TartuLinn;Tartu LV
24714;7820026-1;Metsamaja;58.39357647;26.69114258;24714;;Tartu linn;"linnast väljuv";6475727.01;657334.06;TartuLinn;Tartu LV
24715;7820069-1;Kannikese;58.37677041;26.68359234;24715;;Tartu linn;"Viljandi mnt. suunas";6473839.00;656967.75;TartuLinn;Tartu LV
24716;7820032-1;E-Kaubamaja;58.35907121;26.73088987;24716;;Tartu linn;"Kesklinna suunas";6471980.98;659812.98;TartuLinn;Tartu LV
25972;7820262-1;Tamme kool;58.36402713;26.70658214;25972;;Tartu linn;"Riia tn. suunas";6472474.86;658368.98;TartuLinn;Tartu LV
24718;7820027-1;Eeden;58.37383298;26.75136132;24718;;Tartu linn;"Annelinna suunas";6473672.69;660942.89;TartuLinn;Tartu LV
24732;7820082-1;Kaubabaas;58.38569594;26.68057188;24732;;Tartu linn;"linnast väljuv";6474825.25;656751.45;TartuLinn;Tartu LV
24872;7820086-1;Kaunase puiestee;58.37154833;26.76651811;24872;;Tartu linn;"Jaama tn.suunas";6473454.92;661839.48;TartuLinn;Tartu LV
24880;7820095-1;Kivilinna;58.38002785;26.76387108;24880;;Tartu linn;"Kaunase pst. suunas";6474392.16;661645.82;TartuLinn;Tartu LV
24884;7820103-1;Kraavikalda;58.34666721;26.77393533;24884;;Tartu linn;"Kasteheina suunas";6470703.99;662387.71;TartuLinn;Tartu LV
24885;7820104-1;Kraavikalda;58.34712456;26.77329275;24885;;Tartu linn;"Kesklinna suunas";6470753.33;662348.01;TartuLinn;Tartu LV
24886;7820105-1;Kreutzwaldi;58.3856589;26.70055754;24886;;Tartu linn;"linna sisenev";6474868.00;657919.69;TartuLinn;Tartu LV
24887;7820106-1;Kreutzwaldi;58.38547154;26.7016431;24887;;Tartu linn;"linnast väljuv";6474849.71;657983.97;TartuLinn;Tartu LV
24888;7820107-1;Kroonuaia;58.38509848;26.71946706;24888;;Tartu linn;;6474850.31;659027.38;TartuLinn;Tartu LV
24889;7820108-1;Kruusamäe;58.39832495;26.72363666;24889;;Tartu linn;"Narva mnt. suunas";6476332.13;659211.27;TartuLinn;Tartu LV
24892;7820122-1;Lammi;58.35935535;26.77778613;24892;;Tartu linn;"Kasteheina suunas";6472125.29;662554.50;TartuLinn;Tartu LV
24893;7820123-1;Lammi;58.3595404;26.77785166;24893;;Tartu linn;"Annelinna suunas";6472146.04;662557.48;TartuLinn;Tartu LV
24894;7820125-1;Laululava;58.38919524;26.70470362;24894;;Tartu linn;"linnast väljuv";6475271.32;658146.13;TartuLinn;Tartu LV
24898;7820130-1;Ilmatsalu;58.37713453;26.68889876;24898;;Tartu linn;"Ravila tn. suunas";6473891.95;657276.34;TartuLinn;Tartu LV
25024;7820112-1;Kungla;58.36052133;26.71297705;25024;;Tartu linn;"Riia tn. suunas";6472099.82;658758.75;TartuLinn;Tartu LV
25025;7820113-1;Kuperjanovi;58.37595147;26.71043875;25025;;Tartu linn;"Kesklinna suunas";6473811.00;658540.87;TartuLinn;Tartu LV
25033;7820120-1;Külmhoone;58.36750857;26.71968342;25033;;Tartu linn;;6472893.30;659119.44;TartuLinn;Tartu LV
153703;7820375-1;Eesti Rahva Muuseum;58.39555323;26.74266241;153703;;Tartu linn;;6476069.00;660335.43;;Tartu LV
24878;7820089-1;Kesklinn III;58.37750265;26.72853876;24878;;Tartu linn;"Kvartali ees Turu tn poolne";6474026.54;659591.98;TartuLinn;Tartu LV
25339;7820121-1;Lai;58.38329654;26.71874713;25339;;Tartu linn;;6474648.07;658993.44;TartuLinn;Tartu LV
25351;7820070-1;Visa hall;58.3788886;26.68402743;25351;;Tartu linn;"Tartu Maja suunas";6474075.74;656983.74;TartuLinn;Tartu LV
25477;7820076-1;Kasarmu;58.38685141;26.73622575;25477;;Tartu linn;"Sõpruse pst. suunas";6475085.24;659998.88;TartuLinn;Tartu LV
161814;7820394-1;Tüve;58.38488598;26.75695053;161814;;Tartu linn;"linnast väljuv";6474916.14;661219.06;;Tartu LV
161815;7820395-1;Tüve;58.38498122;26.75684557;161815;;Tartu linn;"linna sisenev";6474926.49;661212.49;;Tartu LV
20275;7800998-1;Tüki;58.38844329;26.5809322;20275;;Tartu linn;"Ilmatsalu suunas";6474902.50;650916.00;;Tartu LV
25941;7820253-1;Sõbra;58.36449633;26.73501272;25941;;Tartu linn;"";6472594.55;660029.48;TartuLinn;Tartu LV
26246;7820191-1;Põllu;58.39840795;26.70984368;26246;;Tartu linn;"Narva mnt. suunas";6476308.71;658405.07;TartuLinn;Tartu LV
25945;7820244-1;Soinaste III;58.36356625;26.69877895;25945;;Tartu linn;"Raudtee tn. suunas";6472405.17;657914.71;TartuLinn;Tartu LV
25949;7820255-1;Sõpruse puiestee;58.38070973;26.75491693;25949;;Tartu linn;"Kaunase pst. suunas";6474446.50;661119.31;TartuLinn;Tartu LV
25950;7820257-1;Sõpruse puiestee;58.38116812;26.75303178;25950;;Tartu linn;"Puiestee tn. suunas";6474492.99;661007.02;TartuLinn;Tartu LV
25951;7820250-1;Suur kaar;58.35774316;26.71396835;25951;;Tartu linn;"Kesk kaar tn. suunas";6471793.00;658829.25;TartuLinn;Tartu LV
25959;7820251-1;Suur kaar;58.35767356;26.71364991;25959;;Tartu linn;"Aardla tn. suunas";6471784.50;658810.93;TartuLinn;Tartu LV
25962;7820261-1;Tamme kool;58.36357694;26.7070653;25962;;Tartu linn;"Raudtee tn. suunas";6472425.90;658399.26;TartuLinn;Tartu LV
25471;7820136-1;Lõkketule;58.34604336;26.78273368;25471;;Tartu linn;"Hipodroomi tn. suunas";6470655.90;662905.35;TartuLinn;Tartu LV
26071;7820044-1;Jannseni;58.38119426;26.69496829;26071;;Tartu linn;"Raudteejaama suunas";6474358.00;657613.00;TartuLinn;Tartu LV
26075;7820047-1;Hurda;58.38350489;26.70964608;26075;;Tartu linn;"Tuglase tn. suunas";6474649.72;658460.56;TartuLinn;Tartu LV
26077;7820049-1;Ihaste;58.3448756;26.77958387;26077;;Tartu linn;"Kasteheina suunas";6470518.31;662726.45;TartuLinn;Tartu LV
26078;7820050-1;Pallase puiestee;58.35877592;26.78427994;26078;;Tartu linn;"Kasteheina suunas";6472076.57;662936.98;TartuLinn;Tartu LV
26079;7820051-1;Pallase puiestee;58.35888637;26.7828262;26079;;Tartu linn;"Kesklinna suunas";6472085.33;662851.44;TartuLinn;Tartu LV
26081;7820055-1;Ihaste tee II;58.36116965;26.75974837;26081;;Tartu linn;"linna sisesnev";6472283.62;661491.23;TartuLinn;Tartu LV
26084;7820058-1;Jänese;58.3923433;26.73177946;26084;;Tartu linn;;6475685.81;659714.13;TartuLinn;Tartu LV
26087;7820061-1;Kaare;58.36652854;26.7043633;26087;;Tartu linn;"Kesklinna suunas";6472748.00;658228.00;TartuLinn;Tartu LV
26090;7820064-1;Kalda tee;58.37252213;26.75751568;26090;;Tartu linn;"linna sisenev";6473541.60;661308.69;TartuLinn;Tartu LV
26092;7820066-1;Rahu;58.35838607;26.72194733;26092;;Tartu linn;"Kesklinna suunas";6471883.46;659293.04;TartuLinn;Tartu LV
26107;7820267-1;Tarmeko;58.36520963;26.7404915;26107;;Tartu linn;"Sõpruse silla suunas";6472687.01;660346.63;TartuLinn;Tartu LV
26108;7820268-1;Tarmeko;58.36406889;26.74007878;26108;;Tartu linn;"linnast väljuv";6472559.08;660327.68;TartuLinn;Tartu LV
26111;7820274-1;Tartu Näitused;58.38913924;26.69442947;26111;;Tartu linn;"linnast väljuv";6475240.91;657545.96;TartuLinn;Tartu LV
26112;7820301-1;Vene;58.38666842;26.72685629;26112;;Tartu linn;"linnast väljuv";6475042.56;659452.14;TartuLinn;Tartu LV
26113;7820275-1;Tartu Näitused;58.38885283;26.69438562;26113;;Tartu linn;"Tuglase tn. suunas";6475208.94;657544.68;TartuLinn;Tartu LV
26115;7820280-1;Tehase;58.3613194;26.73476473;26115;;Tartu linn;"Raua tn. suunas";6472240.41;660029.40;TartuLinn;Tartu LV
26116;7820282-1;Televisiooni;58.36117326;26.70178627;26116;;Tartu linn;;6472145.94;658101.32;TartuLinn;Tartu LV
144360;7820369-1;Välja;58.40016634;26.71447599;144360;;Tartu linn;"linna sisenev";6476515.35;658667.78;;Tartu LV
26118;7820284-1;Tervishoiu;58.37241821;26.7000216;26118;;Tartu linn;"Riia tn. suunas";6473393.21;657947.71;TartuLinn;Tartu LV
26119;7820286-1;Tref;58.36081269;26.7403929;26119;;Tartu linn;"linnast väljuv";6472197.46;660360.87;TartuLinn;Tartu LV
26120;7820287-1;Tuglase;58.3862124;26.69499199;26120;;Tartu linn;"Kreutzwaldi tn. suunas";6474916.51;657591.93;TartuLinn;Tartu LV
26125;7820293-1;Vabaduse puiestee;58.37909356;26.72727211;26125;;Tartu linn;;6474200.58;659510.73;TartuLinn;Tartu LV
26127;7820296-1;Vaksali;58.3772705;26.7018397;26127;;Tartu linn;"Raudteejaama suunas";6473937.50;658032.25;TartuLinn;Tartu LV
26130;7820182-1;Pepleri;58.37396579;26.71940893;26130;;Tartu linn;"Kesklinna suunas";6473611.25;659074.24;TartuLinn;Tartu LV
26228;7820141-1;Maarjamõisa;58.36995011;26.70165035;26228;;Tartu linn;"linnast väljuv";6473122.38;658054.01;TartuLinn;Tartu LV
24874;7820087-1;Kaunase puiestee;58.37166265;26.76385484;24874;;Tartu linn;"Kesklinna suunas";6473461.22;661683.25;TartuLinn;Tartu LV
26230;7820168-1;Näituse;58.37888945;26.70789617;26230;;Tartu linn;"Vaksali tn. suunas";6474131.95;658379.02;TartuLinn;Tartu LV
26231;7820169-1;Lõuna;58.37486576;26.69707372;26231;;Tartu linn;"Riia tn. suunas";6473658.66;657764.40;Tartu;Tartu LV
26232;7820173-1;Orava;58.39150299;26.73039405;26232;;Tartu linn;;6475589.00;659636.98;TartuLinn;Tartu LV
26233;7820174-1;Paju;58.38233558;26.74682512;26233;;Tartu linn;"Annelinna suunas";6474608.03;660638.92;TartuLinn;Tartu LV
26236;7820177-1;Pauluse;58.37152847;26.71628405;26236;;Tartu linn;"linnast väljuv";6473332.60;658902.53;TartuLinn;Tartu LV
26243;7820186-1;Pikk;58.38038554;26.73786281;26243;;Tartu linn;"Annelinna suunas";6474369.59;660123.94;TartuLinn;Tartu LV
26244;7820187-1;Pikk;58.38113791;26.73694573;26244;;Tartu linn;"Raatuse tn. suunas";6474451.13;660066.92;TartuLinn;Tartu LV
26117;7820283-1;Tervishoiu;58.3731642;26.69975523;26117;;Tartu linn;"Ravila tn. suunas";6473475.60;657928.79;TartuLinn;Tartu LV
145561;7820370-1;Saekoja;58.36355308;26.73465073;145561;;Tartu linn;;6472488.71;660012.60;;Tartu LV
26259;7820294-1;Vahi;58.40433139;26.708449;26259;;Tartu linn;;6476964.62;658296.95;TartuLinn;Tartu LV
26261;7820303-1;Tulbi;58.37124468;26.69375987;26261;;Tartu linn;"Ravila tn. suunas";6473247.88;657586.85;TartuLinn;Tartu LV
26262;7820304-1;Tulbi;58.37135629;26.69447958;26262;;Tartu linn;"Lunini tn. suunas";6473262.00;657628.43;TartuLinn;Tartu LV
26373;7820190-1;Purde;58.36351475;26.73051063;26373;;Tartu linn;;6472474.58;659770.65;TartuLinn;Tartu LV
26375;7820194-1;Raadi;58.39633321;26.73244303;26375;;Tartu linn;"Põllu tn.suunas";6476131.41;659734.80;TartuLinn;Tartu LV
26378;7820197-1;Raeplats;58.37974785;26.72576992;26378;;Tartu linn;"Turu tn suunas";6474269.82;659419.96;TartuLinn;Tartu LV
26380;7820199-1;Rahumäe;58.37907527;26.77329165;26380;;Tartu linn;"Nõlvaku suunas";6474308.90;662200.85;TartuLinn;Tartu LV
26382;7820201-1;Raja;58.36176427;26.69149115;26382;;Tartu linn;"Kesklinna suunas";6472187.50;657496.56;TartuLinn;Tartu LV
26383;7820202-1;Raua;58.36396104;26.73642701;26383;;Tartu linn;;6472538.35;660114.62;TartuLinn;Tartu LV
26384;7820203-1;Raudtee I;58.35501632;26.70768839;26384;;Tartu linn;"raudtee suunas Soinaste tn.l";6471474.68;658474.18;TartuLinn;Tartu LV
26386;7820205-1;Raudtee II;58.35464445;26.70747193;26386;;Tartu linn;"raudtee suunas Aardla tn.l";6471432.78;658463.19;TartuLinn;Tartu LV
26392;7820212-1;Nisu;58.37272134;26.68578763;26392;;Tartu linn;"Riia tn. suunas";6473393.52;657114.14;TartuLinn;Tartu LV
26076;7820048-1;Ihaste;58.34493408;26.77937065;26076;;Tartu linn;"Kraavikalda suunas";6470524.30;662713.71;TartuLinn;Tartu LV
26394;7820216-1;Riia;58.36986857;26.71612224;26394;;Tartu linn;;6473147.50;658900.56;TartuLinn;Tartu LV
26397;7820219-1;Riiamäe;58.37382781;26.72187409;26397;;Tartu linn;"linnast väljuv";6473601.75;659218.98;TartuLinn;Tartu LV
26500;7800641-1;Pakla;58.34565984;26.49153749;26500;;Tartu linn;"Viljandi suunas";6469943.00;645868.18;;Tartu LV
26502;7801134-1;Vorbuse tee;58.39982657;26.68405381;26502;;Tartu linn;"Tartu suunas";6476405.98;656892.00;;Tartu LV
25939;7820252-1;Vaba;58.36558986;26.73448717;25939;;Tartu linn;"Kalevi tn.l";6472714.99;659993.79;TartuLinn;Tartu LV
26513;7820231-1;Salemi;58.36864837;26.73432864;26513;;Tartu linn;;6473054.98;659970.63;TartuLinn;Tartu LV
26516;7820006-1;Aianduse;58.35033505;26.71773418;26516;;Tartu linn;"linnast väljuv";6470977.50;659082.93;TartuLinn;Tartu LV
26518;7820235-1;Sepa turg;58.34979371;26.74113758;26518;;Tartu linn;"linna sisenev";6470973.00;660454.56;TartuLinn;Tartu LV
26521;7820239-1;Silla II;58.3687858;26.73627969;26521;;Tartu linn;"Kalevi tn. suunas";6473074.93;660084.09;TartuLinn;Tartu LV
26524;7820144-1;Maaülikool;58.38730604;26.69653853;26524;;Tartu linn;;6475041.86;657677.42;TartuLinn;Tartu LV
26529;7820149-1;Muru;58.39960631;26.71699995;26529;;Tartu linn;"Narva mnt. suunas";6476459.00;658817.76;TartuLinn;Tartu LV
26530;7820150-1;Muru;58.39986954;26.71687568;26530;;Tartu linn;"Põllu tn.suunas";6476488.00;658809.31;TartuLinn;Tartu LV
26533;7820158-1;Männimetsa;58.35311862;26.76651814;26533;;Tartu linn;"Kesklinna suunas";6471404.00;661924.12;TartuLinn;Tartu LV
29139;7800999-1;Tüki;58.38844456;26.58220273;29139;;Tartu linn;"Veeriku suunas";6474905.50;650990.25;;Tartu LV
26669;7820160-1;Triigi;58.35498359;26.78887475;26669;;Tartu linn;"Kasteheina suunas";6471665.72;663223.27;TartuLinn;Tartu LV
26680;7820170-1;Lõuna;58.37480653;26.69735258;26680;;Tartu linn;"Ravila tn. suunas";6473652.72;657780.97;TartuLinn;Tartu LV
119592;7820135-1;Luha;58.37223634;26.75361904;119592;;Tartu linn;;6473500.43;661082.18;TartuLinn;Tartu LV
26848;7820004-1;Aiandi;58.39440348;26.7160297;26848;;Tartu linn;;6475877.69;658784.53;TartuLinn;Tartu LV
26849;7820007-1;Aida;58.37323195;26.73683422;26849;;Tartu linn;;6473571.04;660096.32;TartuLinn;Tartu LV
26852;7820010-1;Anne;58.37807643;26.75176816;26852;;Tartu linn;"Jaama tn. suunas";6474145.90;660947.29;TartuLinn;Tartu LV
26853;7820011-1;Anne;58.37711352;26.75074771;26853;;Tartu linn;"Sõpruse ringi suunas";6474036.29;660892.03;TartuLinn;Tartu LV
26854;7820012-1;Annelinna gümnaasium;58.37592598;26.77040002;26854;;Tartu linn;"Jaama tn.suunas";6473951.45;662046.31;TartuLinn;Tartu LV
26401;7820223-1;Risti;58.39187722;26.72209621;26401;;Tartu linn;"Narva mnt. suunas";6475610.93;659150.41;TartuLinn;Tartu LV
26856;7820017-1;Annemõisa;58.37675489;26.77791425;26856;;Tartu linn;"Nõlvaku suunas";6474061.87;662481.76;TartuLinn;Tartu LV
26388;7820207-1;Raudteejaam;58.37374151;26.70719702;26388;;Tartu linn;"Kesklinna suunas";6473557.40;658361.29;TartuLinn;Tartu LV
26986;7801161-1;Õssu;58.36338368;26.64911008;26986;;Tartu linn;;6472269.00;655010.75;;Tartu LV
26850;7820008-1;Alasi;58.34784648;26.71726794;26850;;Tartu linn;"Jalaka tn. suunas";6470699.45;659066.88;TartuLinn;Tartu LV
24733;7820083-1;Kaubajaam;58.36972457;26.70744613;24733;;Tartu linn;;6473110.95;658393.91;TartuLinn;Tartu LV
26239;7820180-1;Peetri kirik;58.38996052;26.72743991;26239;;Tartu linn;"Narva mnt. suunas";6475410.32;659471.34;TartuLinn;Tartu LV
24726;7820077-1;Eha;58.36981141;26.72779418;24726;;Tartu linn;"linnast väljuv";6473168.84;659583.28;TartuLinn;Tartu LV
27317;7800678-1;Pihva;58.35396972;26.59720401;27317;;Tartu linn;"Viljandi suunas";6471102.50;652015.62;;Tartu LV
20389;7800137-1;Ilmatsalu kool;58.38770101;26.56224739;20389;Ilmatsalu;Tartu linn;"Ilmatsalu suunas";6474778.00;649827.12;;Tartu LV
20181;7800742-1;Rahinge kool;58.38549327;26.61024278;20181;;Tartu linn;"Veeriku suunas";6474640.50;652641.81;;Tartu LV
24852;7800206-1;Kandiküla;58.37938107;26.6698653;24852;;Tartu linn;"Ilmatsalu suunas";6474097.50;656153.68;;Tartu LV
20364;7800803-1;Rähni;58.41037018;26.63034183;20364;;Tartu linn;"Tartu suunas";6477455.03;653707.94;;Tartu LV
28657;7800548-1;Mudaniku;58.41997223;26.57490011;28657;;Tartu linn;"Vorbuse suunas";6478398.00;650428.68;;Tartu LV
26080;7820054-1;Ihaste tee II;58.36006973;26.75960196;26080;;Tartu linn;"Ihaste suunas";6472160.87;661487.70;TartuLinn;Tartu LV
28687;7800746-1;Ranna;58.35930016;26.64317157;28687;;Tartu linn;"Viljandi suunas";6471800.83;654681.36;;Tartu LV
28775;7800984-1;Tõnise;58.43469957;26.63180331;28775;;Tartu linn;"Kardla tee peatuse suunas";6480166.07;653687.01;;Tartu LV
28856;7800802-1;Rähni;58.41041982;26.62962727;28856;;Tartu linn;"Tallinna suunas";6477458.92;653665.99;;Tartu LV
28857;7800952-1;Tiksoja;58.40833878;26.65381726;28857;;Tartu linn;"Tartu suunas";6477282.99;655088.00;;Tartu LV
26070;7820041-1;Herne;58.38597247;26.71485573;26070;;Tartu linn;"linnast väljuv";6474936.65;658753.93;TartuLinn;Tartu LV
26509;7820227-1;Prisma;58.37609415;26.77878983;26509;;Tartu linn;;6473990.46;662535.99;TartuLinn;Tartu LV
142069;7820208-3;Raudteejaam;58.37394718;26.70686254;142069;;Tartu linn;"Maarjamõisa suunas";6473579.50;658340.81;;Tartu LV
156823;7801161-2;Õssu;58.36344141;26.64898804;156823;;Märja alevik;"Lõpp peatus";6472275.14;655003.35;;Tartu LV
20307;7800388-1;Külasüda;58.42118798;26.66201498;20307;;Tartu linn;"Vorbuse; Kivisäki peatuste suunas";6478731.97;655510.04;;Tartu LV
33513;7820053-1;Ihaste tee I;58.36517863;26.75879689;33513;;Tartu linn;"linna sisenev";6472727.47;661417.22;TartuLinn;Tartu LV
29525;7800790-1;Rõhu;58.35064614;26.52603069;29525;;Tartu linn;"Tartu suunas";6470573.50;647865.75;;Tartu LV
154124;7820377-1;Raatuse;58.38243802;26.73248488;154124;;Tartu linn;"kesklinna suunas";6474585.18;659800.28;;Tartu LV
29921;7800953-1;Tiksoja;58.40859138;26.65332355;29921;;Tartu linn;"Tallinna suunas";6477309.96;655058.05;;Tartu LV
26376;7820195-1;Raatuse;58.3823387;26.73229325;26376;;Tartu linn;"linnast väljuv";6474573.67;659789.53;TartuLinn;Tartu LV
24734;7820084-1;Kesklinn VI;58.37690955;26.72650997;24734;;Tartu linn;"Hansakeskuse vastas";6473955.71;659476.07;TartuLinn;Tartu LV
30312;7800376-1;Kärevere sild;58.42026602;26.51663012;30312;;Tartu linn;"Tallinna suunas";6478301.50;647024.87;;Tartu LV
30366;7800550-1;Muide;58.40533477;26.66991284;30366;;Tartu linn;"Tartu suunas";6476986.00;656041.43;;Tartu LV
25008;7820131-1;Ilmatsalu;58.37675423;26.69035434;25008;;Tartu linn;"Riia tn. suunas";6473853.04;657363.13;TartuLinn;Tartu LV
30782;7800382-1;Kärnise;58.45213142;26.57081736;30782;;Tartu linn;"Vorbuse suunas";6481968.07;650053.04;;Tartu LV
30837;7800551-1;Muide;58.40540578;26.67038905;30837;;Tartu linn;"Tallinna suunas";6476995.01;656068.94;;Tartu LV
26888;7800067-1;Asusilla;58.35406646;26.55527011;26888;;Tartu linn;"Tartu suunas";6471019.00;649562.00;;Tartu LV
30050;7800066-1;Asusilla;58.3540934;26.5530275;30050;;Tartu linn;"Viljandi suunas";6471017.00;649430.68;;Tartu LV
158082;7820385-1;Raudteejaam IV;58.37355618;26.70792716;158082;;Tartu linn;"maakonnaliinidele";6473538.50;658404.81;;Tartu LV
34112;7890025-1;Tartu;58.37393011;26.70618453;34112;Tartu;Tartu linn;"Tallinna suunas";6473576.00;658301.25;TartuLinn;Tartu LV
31940;7820021-1;Aura veekeskus;58.37566974;26.73304577;31940;;Tartu linn;;6473833.30;659863.77;TartuLinn;Tartu LV
26086;7820060-1;Kesk kaar;58.365848;26.70412703;26086;;Tartu linn;"raudtee suunas";6472671.70;658217.23;TartuLinn;Tartu LV
136290;7820337-1;ERM;58.39506918;26.74116785;136290;;Tartu linn;"linnast väljuv";6476011.56;660250.31;;Tartu LV
135023;7801270-1;Ilmatsalu kool;58.38765551;26.56205266;135023;Ilmatsalu;Tartu linn;"Veeriku suunas";6474772.50;649815.93;;Tartu LV
26082;7820056-1;Jaama;58.3839401;26.7403782;26082;;Tartu linn;"linnast väljuv";6474771.17;660254.80;TartuLinn;Tartu LV
162180;7801465-1;Hiieküla;58.37302631;26.64302579;162180;;Tartu linn;;6473328.10;654612.61;;Tartu LV
33521;7820001-1;Aardla;58.35445623;26.72105007;33521;;Tartu linn;"maakonnaliinidele";6471444.00;659258.31;TartuLinn;Tartu LV
26089;7820063-1;Kalda tee;58.37208797;26.75966338;26089;;Tartu linn;"linnast väljuv";6473498.45;661436.24;TartuLinn;Tartu LV
33385;7820271-1;Tartu bussijaam;58.37795531;26.73214188;33385;Tartu;Tartu linn;;6474085.50;659800.56;Tartu;Tartu LV
33501;7820016-1;Annemõisa;58.37849016;26.77600422;33501;;Tartu linn;"Kaunase pst. suunas";6474250.35;662362.11;TartuLinn;Tartu LV
33503;7820094-1;Kivilinna;58.38014812;26.76384935;33503;;Tartu linn;"Sõpruse pst. suunas";6474405.50;661644.00;TartuLinn;Tartu LV
26531;7820157-1;Männimetsa;58.35340275;26.76619969;26531;;Tartu linn;"Kasteheina suunas";6471434.85;661904.19;TartuLinn;Tartu LV
33507;7820281-1;Tehnoloogiainstituut;58.36662066;26.69478854;33507;;Tartu linn;;6472735.70;657667.68;TartuLinn;Tartu LV
33509;7820214-1;Rebase;58.36735879;26.74069184;33509;;Tartu linn;"linnast väljuv";6472926.66;660348.57;TartuLinn;Tartu LV
33512;7820052-1;Ihaste tee I;58.36489916;26.75865715;33512;;Tartu linn;"Ihaste suunas";6472696.03;661410.33;TartuLinn;Tartu LV
33516;7820005-1;Aianduse;58.35133791;26.71874418;33516;;Tartu linn;"Kesklinna suunas";6471091.50;659137.50;TartuLinn;Tartu LV
26211;7820068-1;Kanali;58.37669404;26.74457721;26211;;Tartu linn;"linna sisenev";6473974.83;660533.23;TartuLinn;Tartu LV
33522;7820153-1;Mõisapargi;58.40083131;26.72719428;33522;;Tartu linn;"linnast väljuv";6476619.50;659407.77;TartuLinn;Tartu LV
34122;7890009-1;Kirsi;58.35750153;26.71539974;34122;;Tartu linn;"Tallinna suunas";6471769.50;658914.06;TartuLinn;Tartu LV
34123;7890001-1;Aardla;58.35771232;26.71457291;34123;;Tartu linn;"Valga suunas";6471791.00;658864.75;TartuLinn;Tartu LV
34153;7890002-1;Aardla;58.35786742;26.71488512;34153;;Tartu linn;"Tallinna suunas";6471809.00;658882.31;TartuLinn;Tartu LV
27316;7800093-1;Haage;58.35646922;26.6195337;27316;;Tartu linn;;6471431.50;653311.06;;Tartu LV
34209;7890010-1;Kirsi;58.35737895;26.71524818;34209;;Tartu linn;"Põlva suunas";6471755.50;658905.75;TartuLinn;Tartu LV
34210;7890026-1;Tartu;58.37379194;26.70613222;34210;Tartu;Tartu linn;;6473560.50;658298.81;TartuLinn;Tartu LV
26210;7820067-1;Kanali;58.37584714;26.74589515;26210;;Tartu linn;"linnast väljuv";6473883.74;660614.14;TartuLinn;Tartu LV
20421;7800112-1;Heinvaru;58.38048931;26.64251807;20421;;Tartu linn;"Ilmatsalu suunas";6474157.50;654550.18;;Tartu LV
27394;7800113-1;Heinvaru;58.38031204;26.64305112;27394;;Tartu linn;"Veeriku suunas";6474139.00;654582.12;;Tartu LV
26512;7820230-1;Ropkamõisa;58.35583691;26.72892056;26512;;Tartu linn;"Võru tn. suunas";6471616.36;659712.45;TartuLinn;Tartu LV
20278;7800132-1;Iie;58.45115805;26.59363159;20278;;Tartu linn;"Vorbuse suunas";6481911.00;651388.18;;Tartu LV
20277;7800133-1;Iie;58.45116489;26.59395884;20277;;Tartu linn;"Kardla tee peatuse suunas";6481912.50;651407.25;;Tartu LV
24897;7820129-1;Linda;58.3669492;26.72967524;24897;;Tartu linn;"linnast väljuv";6472854.80;659706.24;TartuLinn;Tartu LV
20032;7800136-1;Ilmatsalu;58.38957294;26.55717868;20032;Ilmatsalu;Tartu linn;;6474975.03;649522.93;;Tartu LV
26110;7820270-1;Tartu Maja II;58.38233737;26.68369743;26110;;Tartu linn;"Betooni tn suunas";6474458.78;656949.09;TartuLinn;Tartu LV
33519;7820297-1;Vangla;58.34527076;26.74128384;33519;;Tartu linn;"linna sisenev";6470470.01;660483.70;TartuLinn;Tartu LV
26256;7820298-1;Vangla;58.34524603;26.74096552;26256;;Tartu linn;"linnast väljuv";6470466.50;660465.18;TartuLinn;Tartu LV
24729;7820079-1;Kastani;58.36479389;26.72116859;24729;;Tartu linn;"linnast väljuv";6472594.72;659218.54;TartuLinn;Tartu LV
24730;7820080-1;Kasteheina;58.34924006;26.7874891;24730;;Tartu linn;"Hipodroomi tn. suunas";6471023.20;663168.79;TartuLinn;Tartu LV
24731;7820081-1;Kasteheina;58.34930632;26.78771897;24731;;Tartu linn;"Pallase pst. suunas";6471031.13;663181.93;TartuLinn;Tartu LV
157327;7820382-1;Lammimõisa;58.36637577;26.76810701;157327;;Tartu linn;"linnast väljuv";6472883.13;661956.15;;Tartu LV
26511;7820229-1;Kesa;58.34859622;26.70417463;26511;;Tartu linn;"Roopa tn. suunas";6470751.91;658297.46;TartuLinn;Tartu LV
128643;7820229-2;Kesa;58.3485594;26.70489285;128643;;Tartu linn;"linna sisenev";6470749.50;658339.65;;Tartu LV
26274;7800207-1;Kandiküla;58.37921192;26.670649;26274;;Tartu linn;"Veeriku suunas";6474080.50;656200.25;;Tartu LV
33514;7820090-1;Killustiku;58.39786392;26.73332536;33514;;Tartu linn;"linnast väljuv";6476303.86;659779.41;TartuLinn;Tartu LV
31432;7820110-1;Kummeli;58.40109437;26.7194218;31432;;Tartu linn;"linna sisenev";6476630.33;658952.53;TartuLinn;Tartu LV
157328;7820383-1;Lammimõisa;58.36723465;26.76864373;157328;;Tartu linn;"linna sisenev";6472980.01;661983.58;;Tartu LV
24707;7820018-1;Arhitekti;58.36817908;26.68276659;24707;;Tartu linn;"linnast väljuv";6472880.94;656957.73;TartuLinn;Tartu LV
26241;7820183-1;Pepleri;58.37553002;26.71803519;26241;;Tartu linn;"Raudteejaama suunas";6473782.07;658986.87;TartuLinn;Tartu LV
25023;7820111-1;Kungla;58.36032883;26.71352127;25023;;Tartu linn;"Raudtee tn. suunas";6472079.69;658791.45;TartuLinn;Tartu LV
26668;7820159-1;Triigi;58.35601529;26.78899164;26668;;Tartu linn;"Annelinna suunas";6471780.81;663225.33;TartuLinn;Tartu LV
155433;7820381-1;Tüve (Ihaste suunas);58.38442634;26.75680516;155433;;Tartu linn;"Ihaste suunas";6474864.64;661212.67;;Tartu LV
30313;7800209-1;Kardla tee;58.4136048;26.57706819;30313;;Tartu linn;"Tartu suunas";6477694.19;650582.52;;Tartu LV
155418;7820378-1;Kvartsi;58.35183198;26.68813331;155418;;Tartu linn;"linna sisenev";6471074.27;657344.50;;Tartu LV
29137;7800208-1;Kardla tee;58.41355715;26.57887202;29137;;Tartu linn;"Tallinna suunas";6477692.94;650688.08;;Tartu LV
25937;7820241-1;Vallikraavi;58.37662124;26.71457354;25937;;Tartu linn;"Raudteejaama suunas";6473895.31;658779.58;TartuLinn;Tartu LV
26263;7820305-1;Viljandi maantee;58.36972984;26.69080566;26263;;Tartu linn;"Riia tn. suunas";6473072.36;657420.89;TartuLinn;Tartu LV
26123;7820289-1;Turu;58.37802669;26.73371568;26123;;Tartu linn;;6474097.19;659892.23;TartuLinn;Tartu LV
26370;7820189-1;Puiestee;58.38451818;26.74302861;26370;;Tartu linn;"Narva mnt.suunas";6474841.83;660407.08;TartuLinn;Tartu LV
162395;7820396-1;Puiestee;58.38404148;26.74409031;162395;;Tartu linn;"Sõpruse pst. suunas";6474791.32;660471.30;;Tartu LV
25026;7820114-1;Kuperjanovi;58.37598719;26.71031861;25026;;Tartu linn;"Raudteejaama suunas";6473814.69;658533.69;TartuLinn;Tartu LV
123047;7820167-1;Näituse;58.37893419;26.70846439;123047;;Tartu linn;"Taara pst. suunas";6474138.27;658412.04;TartuLinn;Tartu LV
25472;7820137-1;Lõkketule;58.34641112;26.7835032;25472;;Tartu linn;"Kasteheina suunas";6470698.70;662948.68;TartuLinn;Tartu LV
26670;7820161-1;Narvamäe;58.38888884;26.73051394;26670;;Tartu linn;"Sõpruse pst. suunas";6475298.37;659655.84;TartuLinn;Tartu LV
20423;7800296-1;Kardla kool;58.44586922;26.55822512;20423;;Tartu linn;"Vorbuse suunas";6481243.00;649345.01;;Tartu LV
26121;7820288-1;Tuglase;58.38621298;26.69472782;26121;;Tartu linn;"Vaksali tn. suunas";6474915.96;657576.49;TartuLinn;Tartu LV
31434;7800297-1;Kardla kool;58.44598308;26.55814755;31434;;Tartu linn;"Kardla tee peatuse suunas";6481255.50;649340.00;;Tartu LV
26104;7820264-1;Tamme puiestee;58.35415032;26.69707063;26104;;Tartu linn;"raudtee suunas";6471353.27;657856.96;TartuLinn;Tartu LV
26857;7820015-1;Annelinna keskus;58.36950908;26.76754256;26857;;Tartu linn;"Mõisavahe tn. suunas";6473230.45;661908.75;TartuLinn;Tartu LV
26510;7820228-1;Ropkamõisa;58.35565418;26.7272105;26510;;Tartu linn;"Tähe tn.suunas";6471591.95;659613.25;TartuLinn;Tartu LV
26528;7820156-1;Mõisavahe;58.36936718;26.77535326;26528;;Tartu linn;"Nõlvaku suunas";6473233.54;662366.09;TartuLinn;Tartu LV
26072;7820043-1;Hiie;58.38294305;26.69658842;26072;;Tartu linn;"Taara pst. suunas";6474556.42;657699.87;TartuLinn;Tartu LV
119583;7820279-1;Tehase;58.36143045;26.73392587;119583;;Tartu linn;"Tähe tn.suunas";6472250.77;659979.84;TartuLinn;Tartu LV
144359;7820368-1;Välja;58.40003844;26.71427334;144359;;Tartu linn;"linnast väljuv";6476500.63;658656.52;;Tartu LV
25861;7800261-1;Kivisäki;58.42600244;26.65043857;25861;;Tartu linn;"Vorbuse suunas";6479241.00;654812.93;;Tartu LV
25961;7820260-1;Taara pst.;58.38161617;26.70271302;25961;;Tartu linn;"Näituse tn. suunas";6474423.17;658063.80;TartuLinn;Tartu LV
161082;7820389-1;Klaose;58.40642847;26.7029425;161082;;Tartu linn;;6477185.02;657965.89;;Tartu LV
33506;7820165-1;Nõlvaku;58.37220599;26.78019005;33506;;Tartu linn;"Kesklinna suunas";6473561.17;662635.79;TartuLinn;Tartu LV
122418;7820171-1;Optika;58.35607767;26.67289602;122418;;Tartu linn;"Lõunakeskuse suunas";6471511.13;656434.25;TartuLinn;Tartu LV
122419;7820172-1;Optika;58.35563171;26.67391432;122419;;Tartu linn;"Riia mnt. suunas";6471463.87;656495.79;TartuLinn;Tartu LV
122429;7820100-1;Kraavi;58.35377665;26.70820357;122429;;Tartu linn;"linna sisenev";6471337.94;658509.89;TartuLinn;Tartu LV
135328;7820330-1;Viadukti;58.35631661;26.76477083;135328;;Tartu linn;"Annelinna suunas";6471755.66;661807.23;;Tartu LV
28919;7800377-1;Kärevere sild;58.42011701;26.51549199;28919;;Tartu linn;"Tartu suunas";6478282.42;646959.03;;Tartu LV
28807;7800389-1;Külasüda;58.42098733;26.66217038;28807;;Tartu linn;"Tähtvere suunas";6478710.00;655520.00;;Tartu LV
28656;7800549-1;Mudaniku;58.419954;26.57469006;28656;;Tartu linn;"Kardla tee peatuse suunas";6478395.50;650416.50;;Tartu LV
122997;7820248-1;Soola;58.37746185;26.73019788;122997;;Tartu linn;"Riia tn. suunas";6474025.95;659689.15;TartuLinn;Tartu LV
123048;7820259-1;Taara pst.;58.38140782;26.70354451;123048;;Tartu linn;"Hiie tn. suunas";6474401.95;658113.34;TartuLinn;Tartu LV
135331;7820333-1;Lammi ring;58.36172417;26.77141202;135331;;Tartu linn;"Võru tn suunas";6472373.47;662170.81;;Tartu LV
21953;7800791-1;Rõhu;58.35047636;26.52371441;21953;;Tartu linn;"Viljandi suunas";6470549.50;647730.93;;Tartu LV
24719;7820028-1;Eeden;58.3738068;26.75234171;24719;;Tartu linn;"Sõpruse ringi suunas";6473672.13;661000.32;TartuLinn;Tartu LV
158865;7820386-1;Viljandi maantee;58.36972016;26.69100308;158865;;Tartu linn;"Ilmatsalu tn. suunas";6473071.75;657432.47;;Tartu LV
26501;7800640-1;Pakla;58.34591694;26.4942418;26501;;Tartu linn;"Tartu suunas";6469977.50;646025.37;;Tartu LV
158081;7820384-1;Raudteejaam III;58.37349997;26.70790364;158081;;Tartu linn;"maakonnaliinidele";6473532.19;658403.69;;Tartu LV
25029;7820115-1;Kuu;58.36657642;26.73624755;25029;;Tartu linn;;6472828.98;660092.25;TartuLinn;Tartu LV
125609;7820258-2;Zoomeedikum;58.39325073;26.68740296;125609;;Tartu linn;"Lõpp-peatus";6475682.00;657117.00;;Tartu LV
21771;7800639-1;Paju;58.38003224;26.65480175;21771;;Tartu linn;"Ilmatsalu suunas";6474135.00;655270.25;;Tartu LV
125875;7801192-1;Haagejärve;58.34825201;26.60990106;125875;;Tartu linn;;6470495.00;652783.18;;Tartu LV
24592;7800638-1;Paju;58.37986536;26.65550218;24592;;Tartu linn;"Veeriku suunas";6474118.05;655311.93;;Tartu LV
24709;7820020-1;Atlantis;58.38122787;26.72889607;24709;;Tartu linn;;6474441.96;659595.99;TartuLinn;Tartu LV
30049;7800663-1;Peedimäe;58.35491711;26.57286916;30049;;Tartu linn;"Tartu suunas";6471153.05;650587.95;;Tartu LV
149437;7820373-1;Ropka tee;58.35487589;26.74068989;149437;;Tartu linn;"linnast väljuv";6471537.50;660405.25;;Tartu LV
128368;7820325-1;Võru ring;58.34458112;26.71540407;128368;;Tartu linn;"";6470331.64;658972.55;;Tartu LV
29914;7800677-1;Pihva;58.35373667;26.60158522;29914;;Tartu linn;"Tartu suunas";6471086.50;652272.93;;Tartu LV
128369;7820318-1;Ringtee II;58.34238583;26.71589623;128369;;Tartu linn;"Turu tn. suunas";6470088.50;659011.25;;Tartu LV
128372;7820314-1;Jalaka;58.34315404;26.72352802;128372;;Tartu linn;"Võru tn suunas";6470192.10;659454.36;;Tartu LV
128373;7820315-1;Jalaka;58.34284309;26.72381576;128373;;Tartu linn;"Turu tn. suunas";6470158.18;659472.60;;Tartu LV
128374;7820323-1;Tähe;58.34306723;26.72953189;128374;;Tartu linn;"Võru tn. suunas";6470196.73;659806.06;;Tartu LV
128375;7820324-1;Tähe;58.34275898;26.73020083;128375;;Tartu linn;"Turu tn. suunas";6470164.02;659846.60;;Tartu LV
144371;7820367-1;Vabadussild;58.38336625;26.7236519;144371;;Tartu linn;"linnast väljuv";6474667.47;659279.80;;Tartu LV
24895;7820126-1;Lembitu;58.36929245;26.71073809;24895;;Tartu linn;;6473070.64;658588.33;TartuLinn;Tartu LV
128646;7820102-1;Kraavi;58.35350153;26.7075046;128646;;Tartu linn;"linnast väljuv";6471305.67;658470.24;;Tartu LV
26377;7820196-1;Raeplats;58.38113972;26.72480574;26377;;Tartu linn;"Kroonuaia tn. suunas";6474422.42;659357.31;TartuLinn;Tartu LV
128668;7820208-2;Raudteejaam;58.37401262;26.70674249;128668;;Tartu linn;"Lõpp peatus";6473586.50;658333.50;;Tartu LV
33517;7820285-1;Tref;58.36125669;26.74040249;33517;;Tartu linn;"linna sisenev";6472246.90;660359.41;TartuLinn;Tartu LV
20025;7820117-1;Kvissentali tee;58.40633743;26.70826104;20025;;Tartu linn;;6477187.43;658276.95;TartuLinn;Tartu LV
128917;7820085-2;Kesklinn IV;58.37758856;26.72790904;128917;;Tartu linn;"Kaubamaja küljel";6474034.61;659554.78;;Tartu LV
20337;7800741-1;Rahinge;58.38148438;26.62019568;20337;;Tartu linn;"Veeriku suunas";6474217.03;653240.98;;Tartu LV
20336;7800740-1;Rahinge;58.38172428;26.61965788;20336;;Tartu linn;"Ilmatsalu suunas";6474242.50;653208.50;;Tartu LV
20180;7800743-1;Rahinge kool;58.38579029;26.60999374;20180;;Tartu linn;"Ilmatsalu suunas";6474672.99;652625.97;;Tartu LV
28075;7800892-1;Soomeküla;58.44442497;26.62067402;28075;;Tartu linn;"Vorbuse suunas";6481223.00;652995.12;;Tartu LV
26954;7800923-1;Tamme;58.43238213;26.55579184;26954;;Tartu linn;"Vorbuse suunas";6479736.50;649260.25;;Tartu LV
24879;7820093-1;Linnamuuseum;58.38253159;26.72806885;24879;;Tartu linn;"";6474585.08;659541.74;TartuLinn;Tartu LV
24871;7820085-1;Kesklinn V;58.37745946;26.72763631;24871;;Tartu linn;"Kaubamaja küljel";6474019.59;659539.42;TartuLinn;Tartu LV
26527;7820155-1;Mõisavahe;58.36951149;26.77530961;26527;;Tartu linn;"linna sisenev";6473249.50;662362.87;TartuLinn;Tartu LV
26379;7820198-1;Rahumäe;58.37863342;26.77050604;26379;;Tartu linn;"Kalda tee suunas";6474253.00;662040.06;TartuLinn;Tartu LV
29138;7801043-1;Vanaaseme tee;58.41062316;26.60755167;29138;;Tartu linn;"Tartu suunas";6477431.19;652375.74;;Tartu LV
24881;7820096-1;Kloostri;58.38407818;26.71649249;24881;;Tartu linn;;6474729.72;658858.13;TartuLinn;Tartu LV
26247;7820192-1;Põllu;58.39872669;26.71043364;26247;;Tartu linn;"Puiestee tn. suunas";6476345.58;658438.10;TartuLinn;Tartu LV
25948;7820254-1;Männi;58.38057943;26.75346982;25948;;Tartu linn;"Sõpruse ringi suunas";6474428.53;661035.32;TartuLinn;Tartu LV
26671;7820162-1;Narvamäe;58.38907343;26.73021884;26671;;Tartu linn;"Narva mnt.suunas";6475318.21;659637.75;TartuLinn;Tartu LV
25942;7820074-1;Karlova kool;58.37173569;26.73294975;25942;;Tartu linn;;6473395.27;659876.00;TartuLinn;Tartu LV
26381;7820200-1;Raja;58.36135764;26.69003217;26381;;Tartu linn;"linnast väljuv";6472138.82;657413.05;TartuLinn;Tartu LV
26234;7820175-1;Palmihoone;58.38518468;26.72287068;26234;;Tartu linn;"linnast väljuv";6474867.98;659225.92;TartuLinn;Tartu LV
23446;7801044-1;Vanaaseme tee;58.41080318;26.60700354;23446;;Tartu linn;"Tallinna suunas";6477449.98;652342.95;;Tartu LV
26088;7820062-1;Puusepa;58.36669767;26.70364614;26088;;Tartu linn;"";6472765.13;658185.30;TartuLinn;Tartu LV
159869;7820387-1;Päevakivi;58.34858683;26.68801772;159869;;Tartu linn;"Aardla tn suunas";6470712.85;657352.21;;Tartu LV
26503;7801133-1;Vorbuse tee;58.40106572;26.68282065;26503;;Tartu linn;"Tallinna suunas";6476541.00;656814.43;;Tartu LV
26525;7820145-1;Meltsiveski;58.38689879;26.72445476;26525;;Tartu linn;;6475062.50;659310.75;TartuLinn;Tartu LV
26393;7820215-1;Rebase;58.36921745;26.74172752;26393;;Tartu linn;"linna sisenev";6473135.98;660400.67;TartuLinn;Tartu LV
24721;7820035-1;Fi;58.35338124;26.6810383;24721;;Tartu linn;"Tamme pst. suunas";6471230.06;656922.53;TartuLinn;Tartu LV
159868;7820388-1;Päevakivi;58.34755634;26.68672229;159868;;Tartu linn;"Lõpp-peatus";6470595.13;657281.02;;Tartu LV
24722;7820036-1;FI;58.35349102;26.68084579;24722;;Tartu linn;"Riia mnt. suunas";6471241.83;656910.78;TartuLinn;Tartu LV
26226;7820277-1;Teaduspark;58.35505258;26.67956993;26226;;Tartu linn;"linna sisenev";6471412.63;656829.20;TartuLinn;Tartu LV
24896;7820127-1;Lemmatsi;58.35923798;26.70286689;24896;;Tartu linn;;6471933.12;658173.20;TartuLinn;Tartu LV
26212;7820071-1;Kannikese;58.37700305;26.68379681;26212;;Tartu linn;"Ilmatsalu tn. suunas";6473865.36;656978.66;TartuLinn;Tartu LV
26242;7820185-1;Piiri;58.38851666;26.70827802;26242;;Tartu linn;"linnast väljuv";6475204.24;658358.06;TartuLinn;Tartu LV
26396;7820218-1;Riia ring;58.35872329;26.68492228;26396;;Tartu linn;"linna sisenev";6471833.66;657125.93;TartuLinn;Tartu LV
25810;7820240-1;Vallikraavi;58.3765878;26.71491966;25810;;Tartu linn;"Kesklinna suunas";6473892.41;658799.96;TartuLinn;Tartu LV
26124;7820291-1;Alevi;58.36201853;26.73063502;26124;;Tartu linn;;6472308.37;659784.71;TartuLinn;Tartu LV
136287;7820334-1;Roosi;58.38978666;26.73932942;136287;;Tartu linn;"linnast väljuv";6475419.30;660166.92;;Tartu LV
128370;7820320-1;Ringtee;58.34151158;26.71610809;128370;;Tartu linn;"linnast väljuv";6469991.71;659027.58;;Tartu LV
26526;7820148-1;Mesika;58.35013089;26.70762625;26526;;Tartu linn;"Roopa suunas";6470930.85;658492.50;TartuLinn;Tartu LV
128371;7820319-1;Ringtee I;58.34170221;26.71484949;128371;;Tartu linn;"linna sisenev";6470009.94;658953.07;;Tartu LV
149241;7820372-1;Ropka tee;58.35590574;26.7408544;149241;;Tartu linn;"linna sisenev";6471652.50;660410.18;;Tartu LV
26514;7820232-1;Salvest;58.39852299;26.70901097;26514;;Tartu linn;"linna sisenev";6476319.55;658355.90;TartuLinn;Tartu LV
26109;7820269-1;Tartu Maja I;58.38273082;26.68341474;26109;;Tartu linn;"Ravila tööstuspargi suunas";6474501.91;656930.81;TartuLinn;Tartu LV
26519;7820236-1;Sepa turg;58.34939038;26.74085965;26519;;Tartu linn;"linnast väljuv";6470927.45;660440.13;TartuLinn;Tartu LV
20040;7800262-1;Kivisäki;58.42625984;26.65037554;20040;;Tartu linn;"Kardla tee peatuse suunas";6479269.50;654808.12;;Tartu LV
123049;7820042-1;Hiie;58.38316976;26.69673413;123049;;Tartu linn;"Vaksali tn. suunas";6474582.00;657707.37;TartuLinn;Tartu LV
140382;7820341-2;Roheline park;58.39670523;26.68515015;140382;;Tartu linn;"Lõpp peatus";6476061.17;656969.96;;Tartu LV
116720;7820098-1;Kopli;58.3485892;26.70989119;116720;;Tartu linn;"linna sisenev";6470764.63;658631.95;TartuLinn;Tartu LV
25943;7820242-1;Soinaste II;58.36389419;26.69743305;25943;;Tartu linn;"linnast väljuv";6472438.50;657834.53;TartuLinn;Tartu LV
116721;7820147-1;Mesika;58.35016089;26.70712041;116721;;Tartu linn;"Kesklinna suunas";6470932.99;658462.78;TartuLinn;Tartu LV
25960;7820258-1;Zoomeedikum;58.39311653;26.6873756;25960;;Tartu linn;;6475667.00;657116.00;TartuLinn;Tartu LV
26093;7820263-1;Tamme puiestee;58.35414165;26.69607678;26093;;Tartu linn;"Riia tn. suunas";6471349.97;657798.86;TartuLinn;Tartu LV
26085;7820059-1;Kaare;58.36614066;26.70310893;26085;;Tartu linn;"linnast väljuv";6472701.87;658156.38;TartuLinn;Tartu LV
149230;7820176-2;Palmihoone;58.38407261;26.72214444;149230;;Tartu linn;;6474742.50;659188.50;;Tartu LV
131462;7820088-2;Kesklinn;58.37720705;26.72784468;131462;;Tartu linn;;6473992.00;659552.75;;Tartu LV
25337;7820119-1;Käo;58.35773524;26.70397272;25337;;Tartu linn;;6471768.49;658244.63;TartuLinn;Tartu LV
26523;7820143-1;Maarjamõisa haigla;58.36998229;26.69805577;26523;;Tartu linn;"Viljandi mnt. suunas";6473117.50;657843.68;TartuLinn;Tartu LV
144379;7820363-1;Sinepi;58.40265634;26.71636688;144379;;Tartu linn;"linnast väljuv";6476796.93;658767.02;;Tartu LV
28721;7820118-1;Kvissentali tee;58.40640005;26.70848931;28721;;Tartu linn;"maakonnaliinidele";6477194.94;658290.01;TartuLinn;Tartu LV
122522;7820128-1;Liiva;58.39095076;26.72511597;122522;;Tartu linn;"maakonnaliinidele";6475515.00;659331.06;TartuLinn;Tartu LV
144123;7820351-1;Kummeli;58.4012616;26.72106316;144123;;Tartu linn;"linnast väljuv";6476652.84;659047.66;;Tartu LV
26672;7820166-1;Nõlvaku;58.37275827;26.78054175;26672;;Tartu linn;"Ihaste suunas";6473623.48;662653.80;TartuLinn;Tartu LV
144830;7820353-1;Lille;58.3736677;26.72490047;144830;;Tartu linn;;6473591.12;659396.64;;Tartu LV
144828;7820354-1;Linda;58.36710241;26.72971696;144828;;Tartu linn;"linna sisenev";6472871.95;659707.98;;Tartu LV
144442;7820356-1;Linnupargi;58.3666717;26.76129895;144442;;Tartu linn;"linnast väljuv";6472899.65;661556.69;;Tartu LV
144441;7820355-1;Linnupargi;58.36631654;26.76258641;144441;;Tartu linn;"linna suunas";6472863.22;661633.60;;Tartu LV
125531;7820139-3;Lõunakeskus III;58.35891162;26.67243857;125531;;Tartu linn;"";6471825.45;656394.92;TartuLinn;Tartu LV
144382;7820358-1;Melissi;58.40191838;26.72135155;144382;;Tartu linn;"linna sisenev";6476726.61;659061.54;;Tartu LV
133805;7820329-1;Paju;58.38261156;26.74577777;133805;;Tartu linn;"Kesklinna suunas";6474636.23;660576.44;;Tartu LV
26235;7820176-1;Palmihoone;58.3836047;26.72339269;26235;;Tartu linn;"Kesklinna suunas";6474693.39;659263.57;TartuLinn;Tartu LV
26245;7820188-1;Polikliiniku;58.36833346;26.70338666;26245;;Tartu linn;;6472946.56;658162.79;TartuLinn;Tartu LV
144381;7820357-1;Melissi;58.40184107;26.72221089;144381;;Tartu linn;"linnast väljuv";6476720.04;659112.09;;Tartu LV
26229;7820142-1;Maarjamõisa haigla;58.36936733;26.69824015;26229;;Tartu linn;"Riia tn. suunas";6473049.49;657857.22;TartuLinn;Tartu LV
20422;7800383-1;Kärnise;58.45215421;26.57054622;20422;;Tartu linn;"Kardla tee peatuse suunas";6481970.00;650037.12;;Tartu LV
136288;7820335-1;Roosi;58.3892422;26.73840283;136288;;Tartu linn;"linna sisenev";6475356.50;660115.25;;Tartu LV
144470;7820347-1;Herne;58.38627464;26.71402485;144470;;Tartu linn;"linna sisenev";6474968.31;658704.01;;Tartu LV
144467;7820348-1;Kaubabaas;58.38545524;26.68055015;144467;;Tartu linn;"linna sisenev";6474798.41;656751.25;;Tartu LV
25022;7820109-1;Kruusamäe;58.39820755;26.7245813;25022;;Tartu linn;"Põllu tn.suunas";6476321.31;659266.99;TartuLinn;Tartu LV
144468;7820352-1;Laululava;58.38900626;26.70495235;144468;;Tartu linn;"linna sisenev";6475250.88;658161.51;;Tartu LV
144469;7820360-1;Piiri;58.38825896;26.70885743;144469;;Tartu linn;"linna sisenev";6475176.93;658393.08;;Tartu LV
26846;7820002-1;Aardla;58.35470082;26.72279026;26846;;Tartu linn;"Karete suunas";6471475.35;659359.00;TartuLinn;Tartu LV
144465;7820361-1;Puidu;58.3911417;26.68008948;144465;;Tartu linn;"Lõpp peatus";6475430.18;656699.03;;Tartu LV
144466;7820362-1;Puidu;58.39093648;26.67946108;144466;;Tartu linn;;6475405.87;656663.22;;Tartu LV
128376;7820321-1;Turu ring;58.34306297;26.73696764;128376;;Tartu linn;"Võru tn suunas";6470214.00;660241.18;;Tartu LV
26091;7820065-1;Kabeli;58.35917116;26.72136773;26091;;Tartu linn;"Aardla tn suunas";6471969.46;659255.59;TartuLinn;Tartu LV
128367;7820317-1;Postimaja;58.34525094;26.71488112;128367;;Tartu linn;"linna suunas";6470404.94;658938.93;;Tartu LV
26507;7820224-1;Risti;58.3920868;26.72167493;26507;;Tartu linn;"Põllu tn.suunas";6475633.25;659124.85;TartuLinn;Tartu LV
26679;7820164-1;Nurme;58.39330651;26.71804316;26679;;Tartu linn;;6475760.38;658907.13;TartuLinn;Tartu LV
25350;7820072-1;Karete;58.34913295;26.72340804;25350;;Tartu linn;"Aardla tn. suunas";6470857.19;659420.31;TartuLinn;Tartu LV
24728;7820078-1;Kastani;58.36571667;26.72151128;24728;;Tartu linn;"linna sisenev";6472698.22;659234.42;TartuLinn;Tartu LV
25598;7820134-1;Lootuse;58.36942282;26.72152375;25598;;Tartu linn;"Kesklinna suunas";6473110.70;659218.40;TartuLinn;Tartu LV
25473;7820133-1;Lootuse;58.37078404;26.72155998;25473;;Tartu linn;"linnast väljuv";6473262.27;659214.37;TartuLinn;Tartu LV
26398;7820220-1;Riiamäe;58.37296117;26.72287072;26398;;Tartu linn;"Kesklinn suunas";6473507.67;659281.17;TartuLinn;Tartu LV
128377;7820322-1;Turu ring;58.34280788;26.73818363;128377;;Tartu linn;"Turu tn. suunas";6470188.51;660313.50;;Tartu LV
26260;7820302-1;Vene;58.38578652;26.72639415;26260;;Tartu linn;"Kesklinna suunas";6474943.32;659429.12;TartuLinn;Tartu LV
26238;7820179-1;Peetri kirik;58.3899214;26.7278263;26238;;Tartu linn;"Põllu tn.suunas";6475406.88;659494.10;TartuLinn;Tartu LV
125616;7820035-2;FI;58.35335497;26.68075748;125616;;Tartu linn;"Lõpp-peatus";6471226.48;656906.22;;Tartu LV
25944;7820243-1;Soinaste I;58.36437354;26.69919726;25944;;Tartu linn;"kesklinna suunas";6472496.00;657935.56;TartuLinn;Tartu LV
135329;7820331-1;Viadukti;58.35470981;26.76270419;135329;;Tartu linn;"Võru tn. suunas";6471571.87;661693.72;;Tartu LV
125595;7820249-2;Soola I;58.37731299;26.72982439;125595;;Tartu linn;"Soola  lõpp-peatus";6474008.50;659668.00;;Tartu LV
24873;7820014-1;Annelinna keskus;58.37045316;26.76670441;24873;;Tartu linn;"Kesklinna suunas";6473333.49;661855.41;TartuLinn;Tartu LV
26387;7820206-1;Raudtee IV;58.35522599;26.70754632;26387;;Tartu linn;"Riia tn. suunas Soinaste tn.l";6471497.68;658464.93;TartuLinn;Tartu LV
26520;7820238-1;Silla I;58.36910319;26.74017165;26520;;Tartu linn;"Annelinna suunas";6473119.54;660310.22;TartuLinn;Tartu LV
144829;7820345-1;Eha;58.37027018;26.72756102;144829;;Tartu linn;"linna sisenev";6473219.34;659567.57;;Tartu LV
144384;7820349-1;Killustiku;58.39732505;26.73427053;144384;;Tartu linn;"linna sisenev";6476246.14;659837.08;;Tartu LV
144383;7820359-1;Mõisapargi;58.39989791;26.729291;144383;;Tartu linn;"linna sisenev";6476520.61;659534.49;;Tartu LV
144380;7820364-1;Sinepi;58.4026746;26.71596028;144380;;Tartu linn;"linna sisenev";6476798.00;658743.18;;Tartu LV
145460;7820366-1;Teguri;58.36092931;26.72124144;145460;;Tartu linn;"linnast väljuv";6472164.82;659240.26;;Tartu LV
26240;7820181-1;Peetri;58.39007646;26.72913255;26240;;Tartu linn;"linnast väljuv";6475427.25;659569.73;TartuLinn;Tartu LV
26385;7820204-1;Raudtee III;58.35467418;26.70708405;26385;;Tartu linn;"linnast väljuv Aardla tn.l";6471435.18;658440.37;TartuLinn;Tartu LV
125565;7820289-2;Turu;58.37792077;26.73396427;125565;;Tartu linn;;6474086.00;659907.25;;Tartu LV
140318;7820341-1;Roheline park;58.39652974;26.68533648;140318;;Tartu linn;;6476042.07;656981.63;;Tartu LV
26122;7820249-1;Soola I;58.37716844;26.73005784;26122;;Tartu linn;"Sõpruse silla suunas";6473992.97;659682.30;TartuLinn;Tartu LV
24882;7820099-1;Kopli;58.34863097;26.71010606;24882;;Tartu linn;"Roopa tn suunas";6470769.79;658644.33;TartuLinn;Tartu LV
116457;7820225-1;Roopa;58.34872195;26.69763966;116457;;Tartu linn;"Lõpp peatus";6470750.50;657914.56;TartuLinn;Tartu LV
26508;7820226-1;Roopa;58.34868407;26.69763178;26508;;Tartu linn;"Kesklinna suunas";6470746.26;657914.27;TartuLinn;Tartu LV
149423;7820374-1;Klaose;58.40640897;26.7038608;149423;;Tartu linn;;6477185.02;658019.61;;Tartu LV
26847;7820003-1;Aardla;58.35484233;26.72295824;26847;;Tartu linn;"Aardla tn suunas";6471491.50;659368.18;TartuLinn;Tartu LV
25475;7820075-1;Kasarmu;58.38659375;26.73719894;25475;;Tartu linn;"Narva mnt. suunas";6475058.89;660056.93;TartuLinn;Tartu LV
26374;7820193-1;Raadi;58.39664003;26.73102389;26374;;Tartu linn;"Narva mnt. suunas";6476162.18;659650.50;TartuLinn;Tartu LV
26083;7820057-1;Jõe;58.37056892;26.73946996;26083;;Tartu linn;;6473280.98;660262.52;TartuLinn;Tartu LV
24717;7820033-1;E-Kaubamaja;58.3584934;26.73078222;24717;;Tartu linn;"Aardla tn. suunas";6471916.42;659809.30;TartuLinn;Tartu LV
33511;7820273-1;Tartu Maja IV;58.38183188;26.68539271;33511;;Tartu linn;"raudtee suunas";6474406.50;657050.43;TartuLinn;Tartu LV
138205;7820340-1;Hotell Sophia;58.35677838;26.67871662;138205;;Tartu linn;;6471602.70;656771.61;;Tartu LV
133806;7820328-1;Jaama;58.3840735;26.7402712;133806;;Tartu linn;"Kesklinna suunas";6474785.76;660247.94;;Tartu LV
26237;7820178-1;Pauluse;58.3710759;26.7156237;26237;;Tartu linn;"Kesklinna suunas";6473280.67;658865.96;Tartu;Tartu LV
26391;7820211-1;Nisu;58.37308889;26.68539208;26391;;Tartu linn;"Ilmatsalu tn. suunas";6473433.50;657089.37;TartuLinn;Tartu LV
159715;7820116-2;Kvissentali;58.40649432;26.69662695;159715;;Tartu linn;;6477177.50;657596.70;;Tartu LV
26390;7820210-1;Ravila;58.36990365;26.68980226;26390;;Tartu linn;"linna sisenev";6473089.35;657361.44;TartuLinn;Tartu LV
26389;7820209-1;Ravila;58.36979825;26.68927247;26389;;Tartu linn;"linnast väljuv";6473076.38;657330.93;TartuLinn;Tartu LV
161142;7800431-2;Lennujaam;58.31074453;26.69123484;161142;;Kambja vald;"Lõpp-peatus";6466509.00;657709.50;;Tartu LV
